column,adf_statistic,p_value,used_lags,n_obs,stationary
red,-0.982644637759665,0.7595415245349939,16,7406,No
ir,-1.5909135354020116,0.48815633644700446,8,7414,No
red_corrected,-2.544890543924178,0.10493039833755974,16,7406,No
ir_corrected,-3.6294294599530312,0.005222693244950824,8,7414,Yes
