column,mean,std,mode,min,max,median
red,40766.81422605416,253.11166521066136,41017.0,40080.0,41281.0,40814.0
ir,100317.87053751852,535.3990456166614,100373.0,98942.0,101127.0,100425.0
red_corrected,7.390210013311152,88.54466187342783,-232.52998372532863,-232.52998372532863,441.64367432237424,-13.113404898527968
ir_corrected,-22.08882114909417,186.45723583637232,-681.463413295289,-681.463413295289,979.93434395627,-26.099895248398067
